name,phone,email,country
Dale Lara,1-760-820-5479,sit.amet@aol.couk,Colombia
Cameron Small,1-819-717-0007,sem.molestie.sodales@yahoo.net,South Korea
Keelie Valentine,1-705-632-8183,aliquet.sem@yahoo.com,India
Brody Garza,1-485-127-3267,sagittis.augue.eu@aol.com,Austria
Henry Phelps,1-454-629-2758,eu.erat@google.couk,South Africa
Hyacinth Davis,(330) 621-2562,nulla.eu.neque@protonmail.org,Netherlands
Wynter Clements,1-733-875-7937,lorem.ipsum@aol.net,Norway
Graiden Woodward,(726) 247-5699,malesuada.vel@aol.ca,Austria
Eve Cummings,(686) 211-3655,sem.mollis@protonmail.edu,Ireland
Cyrus Mullen,1-336-564-0724,interdum.nunc@protonmail.org,South Africa
Lacy Horn,1-728-724-2084,lacus.pede@protonmail.couk,Australia
Tate Odom,1-795-314-2109,ipsum.dolor.sit@yahoo.net,China
Britanni Turner,(706) 365-5471,sit.amet@google.org,Germany
Emmanuel Gordon,(660) 215-2305,ornare.tortor@google.com,Norway
Dean Burton,1-485-137-8469,arcu.vestibulum@hotmail.edu,Germany
Elton Garza,1-771-351-3785,cursus.diam@aol.edu,Ireland
Troy Finley,(396) 515-3014,enim.nec.tempus@outlook.couk,Peru
Baker Velasquez,(535) 421-6522,accumsan.interdum.libero@google.net,India
Donna Wright,(291) 945-1294,lacus.quisque.imperdiet@outlook.com,Ireland
Slade Conrad,1-415-448-5761,aliquam.nec@protonmail.org,France
Walker Brooks,1-970-837-5514,et@yahoo.net,South Korea
Zelda Parsons,(190) 132-3898,magna@hotmail.ca,Turkey
Connor Sosa,(331) 289-0041,dictum.magna.ut@outlook.ca,South Africa
Alice Michael,(508) 566-5514,malesuada.integer.id@protonmail.couk,Spain
Tyrone Knapp,1-361-767-1441,pellentesque.ultricies@google.net,Norway
Maggie Peterson,(476) 422-2737,quis.accumsan.convallis@icloud.com,South Africa
Vincent Reese,1-554-294-1643,nisi.nibh.lacinia@yahoo.org,Austria
Hilel Mendez,(628) 214-0157,eros.non.enim@aol.edu,France
Kirk Johnston,(138) 255-9471,velit.pellentesque@yahoo.couk,Sweden
Lani Olson,1-682-977-5616,torquent.per@icloud.org,Costa Rica
Geraldine Mcneil,1-562-883-5682,quis.diam@outlook.couk,Singapore
Clementine Rice,1-793-578-6834,habitant.morbi.tristique@protonmail.net,Colombia
Alexis Weaver,1-623-262-5196,quisque.porttitor@hotmail.net,Vietnam
Jackson Gutierrez,(139) 785-6431,non.enim@icloud.couk,Chile
Lunea Mckenzie,(696) 265-2555,etiam.bibendum@aol.net,Australia
Price Mcmillan,(727) 378-8178,aliquet.odio@aol.couk,Russian Federation
Stephanie Diaz,1-243-420-0451,enim.condimentum@yahoo.couk,Netherlands
Beverly Mcintosh,(944) 634-4813,lobortis.class@yahoo.net,Belgium
Quyn Harper,(816) 405-2571,pretium@protonmail.com,New Zealand
Chava Boyd,(538) 894-2388,aliquam.ornare.libero@hotmail.couk,United States
Brennan Hickman,1-826-987-3518,eget.dictum.placerat@icloud.net,Chile
Stephanie Stanton,1-244-295-4358,dui@google.com,Belgium
Marvin Hayden,(462) 517-6755,bibendum.donec@google.com,Italy
John Conway,1-741-361-2569,lacus.etiam@yahoo.ca,Costa Rica
Bo Stephens,(925) 778-0265,sociis.natoque@google.com,Chile
Indira Jarvis,1-587-891-3876,ac.orci.ut@yahoo.com,Belgium
Melissa Summers,(797) 668-2447,neque.sed@yahoo.edu,Australia
Deacon Whitney,1-614-827-5766,massa.lobortis@aol.com,United Kingdom
Yen Livingston,1-382-230-4275,at.lacus.quisque@outlook.org,Canada
Mufutau Bender,(499) 441-1087,erat.neque@protonmail.org,Ukraine
Evan Everett,(415) 719-1155,integer.eu@aol.com,United States
Rafael Buck,(513) 295-4319,mauris@protonmail.ca,Ireland
Sebastian Wright,1-716-573-6148,malesuada.fames@icloud.net,Belgium
Gloria Carlson,(850) 687-2848,ut.eros.non@hotmail.org,France
Aaron House,(699) 314-1672,imperdiet.dictum@protonmail.com,Costa Rica
Briar Willis,1-852-722-8026,luctus.et.ultrices@icloud.edu,China
Noble Case,1-294-383-6956,a@icloud.com,Ireland
Aline Gardner,(349) 513-3636,in@outlook.ca,Sweden
Brendan Hobbs,1-838-409-4120,enim.nisl@protonmail.org,Indonesia
Channing Clements,(480) 535-9816,nam.interdum@google.ca,China
Amela Bond,1-878-702-7169,non.nisi@yahoo.ca,Netherlands
Yolanda Lamb,1-853-882-6108,augue.sed.molestie@protonmail.ca,India
Guinevere Horn,1-646-222-9424,ut.sem@yahoo.com,Russian Federation
Lila Stephenson,1-812-515-6126,consectetuer.mauris@yahoo.edu,Singapore
Morgan Kim,(617) 617-7276,turpis@icloud.edu,Singapore
Nolan Boyer,(537) 814-1860,commodo.ipsum.suspendisse@protonmail.net,China
Vaughan Mcneil,1-647-498-8817,ipsum.suspendisse@hotmail.net,France
Lyle Kelley,1-651-507-9437,natoque.penatibus@aol.com,New Zealand
Frances Merritt,(477) 559-8793,in.faucibus@hotmail.org,United States
Raven Sparks,(891) 611-6886,lacus.cras@aol.edu,Costa Rica
Nicholas Burton,1-181-785-4223,posuere@aol.ca,Peru
Rashad Bates,1-503-289-2932,ligula.donec@aol.net,Peru
Orla Lane,(862) 823-8975,facilisis.suspendisse@icloud.ca,China
Abbot England,(382) 517-3895,tellus.faucibus@aol.ca,Australia
Neville Sellers,(838) 411-6238,cursus@icloud.net,India
Lara Espinoza,(966) 847-2788,dolor@yahoo.couk,Australia
Lisandra Bean,(277) 814-8654,egestas@google.edu,Brazil
Gloria Richard,(645) 332-4637,donec@hotmail.couk,South Korea
Ifeoma Weber,1-124-809-3873,ligula.nullam.enim@protonmail.com,France
Ronan Barron,1-715-206-8436,tristique.pellentesque.tellus@yahoo.edu,Peru
Seth Gilliam,1-238-261-3036,vel.quam.dignissim@hotmail.edu,Singapore
Uriah Buchanan,(812) 351-2252,amet.metus@hotmail.net,Belgium
Giacomo Reeves,1-136-763-3485,ligula@protonmail.com,Turkey
Cairo Roberson,(388) 818-3416,ut@protonmail.couk,Ukraine
Amos Morton,(878) 527-7879,cras.interdum@hotmail.org,Mexico
Zelda Cochran,1-738-653-5213,fringilla.donec.feugiat@aol.edu,Philippines
Flavia Quinn,1-173-288-4819,non.magna.nam@aol.couk,Poland
Margaret Jennings,1-770-447-2694,proin.dolor.nulla@aol.com,Germany
Zachary Knight,1-514-654-3537,sagittis.augue@icloud.edu,Peru
Garth Mccray,1-965-707-2653,justo.proin@yahoo.net,Singapore
Charity Woodard,1-646-371-6331,suspendisse.dui@protonmail.com,Netherlands
Macon Dale,(654) 296-7196,dapibus.id@hotmail.org,Vietnam
David Colon,1-325-413-8530,non.egestas.a@icloud.org,Nigeria
Geoffrey Maldonado,1-334-232-2477,primis.in@hotmail.ca,Costa Rica
Marvin Irwin,1-552-707-1328,a.neque@yahoo.net,Netherlands
Merrill Brown,(619) 140-5962,integer@aol.couk,South Korea
Idola Valenzuela,1-283-375-3678,lacus.vestibulum@icloud.net,United States
Jenna William,1-321-629-8233,lorem.donec@icloud.org,Turkey
Boris Stark,1-437-432-9383,fringilla.ornare@hotmail.org,Italy
Lael Lamb,(850) 352-1848,arcu.vestibulum.ut@google.couk,Netherlands